Phylum	No. genomes	Avg. single copy	No. genes >50% single copy	No. genes >=95.0% single copy	PF00380.20	PF00410.20	PF00466.21	TIGR00006	TIGR00019	TIGR00020	TIGR00029	TIGR00043	TIGR00054	TIGR00059	TIGR00061	TIGR00064	TIGR00082	TIGR00084	TIGR00086	TIGR00088	TIGR00092	TIGR00116	TIGR00158	TIGR00166	TIGR00168	TIGR00194	TIGR00250	TIGR00337	TIGR00344	TIGR00362	TIGR00392	TIGR00396	TIGR00398	TIGR00414	TIGR00420	TIGR00431	TIGR00435	TIGR00442	TIGR00460	TIGR00468	TIGR00472	TIGR00487	TIGR00496	TIGR00593	TIGR00615	TIGR00631	TIGR00635	TIGR00755	TIGR00810	TIGR00922	TIGR00959	TIGR00963	TIGR00964	TIGR00967	TIGR01009	TIGR01011	TIGR01017	TIGR01021	TIGR01029	TIGR01032	TIGR01044	TIGR01059	TIGR01063	TIGR01066	TIGR01071	TIGR01079	TIGR01087	TIGR01164	TIGR01169	TIGR01171	TIGR01393	TIGR01632	TIGR01951	TIGR01953	TIGR02012	TIGR02013	TIGR02027	TIGR02075	TIGR02191	TIGR02386	TIGR02397	TIGR02729	TIGR03263	TIGR03594	TIGR03625	TIGR03632	TIGR03654	TIGR03723	TIGR03953
p__4572-55	1	97.65	83	83	100.00	100.00	100.00	100.00	100.00	100.00	100.00	100.00	100.00	100.00	100.00	100.00	100.00	100.00	100.00	100.00	100.00	100.00	100.00	100.00	100.00	100.00	100.00	100.00	100.00	0.00	100.00	100.00	100.00	100.00	100.00	100.00	100.00	100.00	100.00	100.00	100.00	100.00	100.00	100.00	100.00	100.00	100.00	100.00	100.00	100.00	100.00	100.00	100.00	100.00	100.00	100.00	100.00	100.00	100.00	100.00	100.00	100.00	100.00	100.00	100.00	100.00	100.00	100.00	100.00	100.00	100.00	100.00	100.00	100.00	100.00	100.00	100.00	0.00	100.00	100.00	100.00	100.00	100.00	100.00	100.00	100.00	100.00	100.00	100.00
p__AABM5-125-24	1	100.00	85	85	100.00	100.00	100.00	100.00	100.00	100.00	100.00	100.00	100.00	100.00	100.00	100.00	100.00	100.00	100.00	100.00	100.00	100.00	100.00	100.00	100.00	100.00	100.00	100.00	100.00	100.00	100.00	100.00	100.00	100.00	100.00	100.00	100.00	100.00	100.00	100.00	100.00	100.00	100.00	100.00	100.00	100.00	100.00	100.00	100.00	100.00	100.00	100.00	100.00	100.00	100.00	100.00	100.00	100.00	100.00	100.00	100.00	100.00	100.00	100.00	100.00	100.00	100.00	100.00	100.00	100.00	100.00	100.00	100.00	100.00	100.00	100.00	100.00	100.00	100.00	100.00	100.00	100.00	100.00	100.00	100.00	100.00	100.00	100.00	100.00
p__Abyssubacteria	1	97.65	83	83	100.00	100.00	100.00	100.00	100.00	100.00	100.00	100.00	100.00	100.00	100.00	100.00	100.00	100.00	100.00	100.00	100.00	100.00	100.00	100.00	100.00	100.00	100.00	100.00	100.00	0.00	100.00	100.00	100.00	0.00	100.00	100.00	100.00	100.00	100.00	100.00	100.00	100.00	100.00	100.00	100.00	100.00	100.00	100.00	100.00	100.00	100.00	100.00	100.00	100.00	100.00	100.00	100.00	100.00	100.00	100.00	100.00	100.00	100.00	100.00	100.00	100.00	100.00	100.00	100.00	100.00	100.00	100.00	100.00	100.00	100.00	100.00	100.00	100.00	100.00	100.00	100.00	100.00	100.00	100.00	100.00	100.00	100.00	100.00	100.00
p__Acidobacteriota	228	96.95	85	70	99.12	98.68	95.18	93.86	98.68	95.61	98.68	94.30	92.54	98.25	98.25	99.12	96.93	96.93	97.81	99.12	94.30	98.25	99.56	99.56	97.37	99.12	96.49	98.25	98.25	99.56	96.93	96.05	97.81	98.68	96.93	98.25	96.49	99.12	97.81	98.68	97.81	96.93	99.56	98.25	97.81	98.68	97.81	97.81	94.74	93.86	98.25	94.30	92.54	98.25	97.37	99.56	87.72	98.68	96.93	99.56	96.49	96.05	95.18	99.56	98.25	99.12	98.68	96.93	94.74	96.49	93.42	94.74	98.68	98.25	86.84	91.23	98.25	100.00	96.49	86.84	97.81	98.68	98.68	98.25	95.18	98.25	98.68	96.05	96.05
p__Actinobacteriota	4443	98.54	85	77	99.84	99.46	99.44	99.66	99.71	99.62	99.62	99.84	94.15	99.82	99.39	99.57	99.62	99.57	94.98	99.39	99.50	99.68	99.59	99.59	99.59	99.59	99.03	94.82	95.21	99.37	96.74	98.04	91.36	94.67	96.47	99.73	94.62	97.25	97.79	99.32	99.41	99.66	99.86	98.83	99.62	99.62	99.23	99.41	99.37	99.64	99.46	98.29	99.57	97.25	99.41	99.46	89.69	99.62	99.50	99.77	99.50	97.23	99.17	99.86	99.64	99.41	98.85	99.50	99.82	99.39	99.48	97.75	99.53	99.64	98.27	96.76	96.89	98.60	98.54	99.30	98.22	99.62	96.71	99.73	99.44	99.73	99.53	93.59	99.44
p__Aquificota	33	95.04	83	72	100.00	100.00	93.94	100.00	100.00	100.00	96.97	69.70	96.97	96.97	100.00	100.00	84.85	54.55	100.00	100.00	100.00	96.97	96.97	96.97	100.00	96.97	96.97	96.97	100.00	100.00	100.00	96.97	93.94	96.97	100.00	100.00	100.00	100.00	100.00	100.00	96.97	100.00	100.00	24.24	100.00	100.00	54.55	100.00	81.82	96.97	100.00	100.00	81.82	100.00	100.00	96.97	100.00	96.97	90.91	100.00	100.00	100.00	24.24	100.00	100.00	100.00	96.97	100.00	96.97	100.00	96.97	96.97	100.00	100.00	100.00	93.94	100.00	96.97	100.00	93.94	100.00	100.00	96.97	100.00	100.00	100.00	100.00	100.00	100.00
p__Armatimonadota	55	96.88	85	66	100.00	98.18	100.00	96.36	98.18	98.18	100.00	100.00	100.00	98.18	96.36	100.00	69.09	83.64	94.55	100.00	76.36	98.18	98.18	98.18	100.00	98.18	94.55	98.18	100.00	92.73	94.55	96.36	98.18	96.36	100.00	100.00	98.18	94.55	94.55	100.00	98.18	100.00	100.00	92.73	100.00	96.36	94.55	90.91	80.00	96.36	100.00	98.18	94.55	100.00	100.00	98.18	98.18	100.00	98.18	100.00	100.00	94.55	96.36	100.00	98.18	98.18	94.55	94.55	96.36	100.00	94.55	96.36	100.00	98.18	98.18	100.00	98.18	100.00	96.36	90.91	100.00	100.00	98.18	98.18	100.00	100.00	100.00	96.36	100.00
p__Aureabacteria_A	1	94.12	80	80	100.00	100.00	100.00	100.00	100.00	100.00	100.00	100.00	100.00	100.00	100.00	0.00	100.00	100.00	100.00	100.00	100.00	100.00	100.00	100.00	100.00	100.00	100.00	0.00	100.00	0.00	100.00	100.00	100.00	100.00	100.00	100.00	100.00	100.00	100.00	100.00	100.00	100.00	100.00	100.00	100.00	100.00	100.00	100.00	100.00	100.00	0.00	100.00	100.00	100.00	100.00	100.00	100.00	100.00	100.00	100.00	100.00	100.00	100.00	100.00	100.00	100.00	100.00	100.00	100.00	100.00	100.00	100.00	100.00	100.00	100.00	100.00	100.00	100.00	0.00	100.00	100.00	100.00	100.00	100.00	100.00	100.00	100.00	100.00	100.00
p__BMS3Abin14	1	100.00	85	85	100.00	100.00	100.00	100.00	100.00	100.00	100.00	100.00	100.00	100.00	100.00	100.00	100.00	100.00	100.00	100.00	100.00	100.00	100.00	100.00	100.00	100.00	100.00	100.00	100.00	100.00	100.00	100.00	100.00	100.00	100.00	100.00	100.00	100.00	100.00	100.00	100.00	100.00	100.00	100.00	100.00	100.00	100.00	100.00	100.00	100.00	100.00	100.00	100.00	100.00	100.00	100.00	100.00	100.00	100.00	100.00	100.00	100.00	100.00	100.00	100.00	100.00	100.00	100.00	100.00	100.00	100.00	100.00	100.00	100.00	100.00	100.00	100.00	100.00	100.00	100.00	100.00	100.00	100.00	100.00	100.00	100.00	100.00	100.00	100.00
p__Bacteroidota	3146	98.65	85	82	99.43	98.76	98.60	98.44	99.43	99.08	98.38	98.79	97.65	99.24	99.40	99.46	98.00	99.68	99.36	99.27	99.11	99.40	99.24	99.21	97.81	97.93	99.08	98.63	99.33	96.95	99.40	99.08	99.49	99.43	94.25	98.95	98.92	99.33	99.08	99.24	99.33	99.46	99.49	97.52	98.25	98.03	99.21	99.55	99.08	98.16	99.33	98.70	89.19	99.33	98.54	99.27	99.05	98.95	98.76	99.05	98.51	99.01	99.08	99.33	99.08	98.73	98.03	98.35	98.51	98.54	99.08	98.22	99.01	99.65	98.38	98.28	98.92	99.40	92.75	98.32	99.24	99.46	98.51	99.62	98.82	98.82	98.89	99.24	98.73
p__Bdellovibrionota	71	94.78	83	66	100.00	98.59	92.96	97.18	100.00	100.00	95.77	100.00	98.59	100.00	100.00	94.37	97.18	100.00	98.59	98.59	97.18	100.00	100.00	71.83	94.37	98.59	33.80	100.00	98.59	78.87	97.18	98.59	59.15	100.00	97.18	98.59	98.59	97.18	98.59	98.59	100.00	100.00	100.00	95.77	83.10	98.59	100.00	98.59	100.00	94.37	92.96	95.77	94.37	98.59	98.59	100.00	77.46	98.59	95.77	100.00	98.59	95.77	98.59	100.00	98.59	87.32	42.25	98.59	95.77	98.59	98.59	95.77	100.00	100.00	97.18	91.55	100.00	91.55	88.73	91.55	95.77	98.59	91.55	100.00	98.59	97.18	98.59	98.59	97.18
p__Bdellovibrionota_C	4	96.76	82	77	100.00	75.00	100.00	100.00	100.00	100.00	100.00	100.00	100.00	100.00	100.00	100.00	100.00	100.00	100.00	100.00	100.00	75.00	100.00	100.00	100.00	100.00	100.00	100.00	75.00	100.00	100.00	75.00	100.00	100.00	50.00	100.00	100.00	100.00	100.00	100.00	100.00	100.00	100.00	100.00	100.00	100.00	100.00	100.00	100.00	100.00	100.00	100.00	100.00	100.00	100.00	100.00	100.00	100.00	75.00	100.00	100.00	100.00	100.00	100.00	100.00	100.00	50.00	100.00	100.00	100.00	100.00	100.00	50.00	100.00	100.00	100.00	100.00	100.00	100.00	100.00	100.00	100.00	100.00	100.00	100.00	100.00	100.00	100.00	100.00
p__Bipolaricaulota	4	90.88	78	74	100.00	100.00	100.00	100.00	100.00	100.00	25.00	0.00	100.00	100.00	100.00	100.00	75.00	100.00	100.00	100.00	100.00	100.00	100.00	100.00	100.00	100.00	100.00	75.00	100.00	100.00	100.00	100.00	75.00	100.00	100.00	0.00	100.00	100.00	100.00	100.00	100.00	100.00	100.00	100.00	100.00	100.00	100.00	100.00	75.00	0.00	0.00	100.00	100.00	100.00	100.00	100.00	100.00	100.00	100.00	100.00	100.00	100.00	100.00	100.00	100.00	100.00	100.00	100.00	100.00	100.00	0.00	100.00	100.00	100.00	100.00	100.00	100.00	100.00	100.00	100.00	100.00	100.00	100.00	0.00	100.00	100.00	100.00	100.00	100.00
p__CG03	2	90.00	72	72	100.00	100.00	100.00	100.00	100.00	100.00	100.00	100.00	100.00	100.00	100.00	0.00	100.00	100.00	100.00	100.00	50.00	100.00	100.00	100.00	50.00	100.00	0.00	50.00	100.00	0.00	100.00	100.00	100.00	100.00	100.00	50.00	100.00	100.00	50.00	100.00	100.00	100.00	100.00	100.00	100.00	100.00	100.00	100.00	100.00	100.00	0.00	100.00	100.00	100.00	100.00	100.00	100.00	100.00	100.00	100.00	100.00	100.00	100.00	100.00	100.00	100.00	100.00	100.00	100.00	100.00	100.00	100.00	100.00	100.00	100.00	100.00	100.00	50.00	50.00	100.00	100.00	50.00	100.00	100.00	100.00	50.00	100.00	100.00	100.00
p__CG2-30-53-67	1	98.82	84	84	100.00	100.00	100.00	100.00	100.00	100.00	100.00	100.00	100.00	100.00	100.00	100.00	100.00	100.00	100.00	100.00	100.00	100.00	100.00	100.00	100.00	100.00	100.00	100.00	100.00	100.00	100.00	100.00	100.00	100.00	100.00	100.00	100.00	100.00	100.00	100.00	100.00	100.00	100.00	100.00	100.00	100.00	100.00	100.00	100.00	100.00	100.00	100.00	100.00	100.00	100.00	100.00	100.00	100.00	100.00	100.00	100.00	100.00	100.00	100.00	100.00	100.00	100.00	100.00	100.00	100.00	100.00	100.00	100.00	100.00	100.00	100.00	100.00	100.00	100.00	100.00	100.00	100.00	0.00	100.00	100.00	100.00	100.00	100.00	100.00
p__CLD3	3	98.04	85	80	100.00	100.00	100.00	100.00	100.00	100.00	100.00	100.00	100.00	100.00	100.00	100.00	100.00	100.00	66.67	100.00	100.00	66.67	100.00	100.00	100.00	100.00	100.00	100.00	100.00	100.00	100.00	100.00	100.00	100.00	100.00	100.00	100.00	100.00	100.00	100.00	100.00	100.00	100.00	100.00	66.67	100.00	100.00	100.00	100.00	100.00	100.00	100.00	100.00	100.00	100.00	100.00	100.00	100.00	100.00	66.67	100.00	100.00	100.00	100.00	100.00	100.00	100.00	100.00	100.00	100.00	66.67	100.00	100.00	100.00	100.00	100.00	100.00	100.00	100.00	100.00	100.00	100.00	100.00	100.00	100.00	100.00	100.00	100.00	100.00
p__CSP1-3	2	96.47	81	81	100.00	100.00	100.00	100.00	100.00	100.00	100.00	100.00	100.00	100.00	100.00	100.00	100.00	50.00	100.00	100.00	100.00	100.00	100.00	100.00	100.00	100.00	100.00	100.00	100.00	100.00	100.00	50.00	100.00	100.00	100.00	100.00	100.00	100.00	100.00	100.00	100.00	100.00	100.00	100.00	100.00	100.00	100.00	100.00	100.00	100.00	100.00	100.00	100.00	100.00	100.00	100.00	100.00	100.00	100.00	100.00	100.00	100.00	100.00	100.00	100.00	100.00	100.00	100.00	100.00	100.00	0.00	100.00	100.00	100.00	100.00	100.00	100.00	100.00	100.00	100.00	100.00	100.00	0.00	100.00	100.00	100.00	100.00	100.00	100.00
p__Caldatribacteriota	4	96.47	83	75	100.00	100.00	100.00	100.00	100.00	100.00	100.00	50.00	100.00	100.00	100.00	100.00	100.00	100.00	100.00	100.00	100.00	100.00	100.00	100.00	100.00	100.00	100.00	100.00	100.00	100.00	100.00	100.00	100.00	100.00	100.00	100.00	100.00	100.00	100.00	100.00	100.00	100.00	100.00	50.00	100.00	100.00	100.00	100.00	100.00	75.00	100.00	100.00	75.00	100.00	100.00	75.00	100.00	100.00	100.00	100.00	100.00	75.00	100.00	100.00	100.00	100.00	100.00	100.00	75.00	100.00	100.00	75.00	100.00	100.00	100.00	100.00	100.00	100.00	100.00	100.00	75.00	100.00	100.00	100.00	100.00	100.00	100.00	75.00	100.00
p__Caldisericota	4	94.41	83	69	75.00	100.00	75.00	100.00	100.00	100.00	75.00	100.00	100.00	100.00	100.00	75.00	100.00	75.00	100.00	100.00	100.00	100.00	100.00	100.00	100.00	100.00	100.00	100.00	100.00	100.00	100.00	100.00	100.00	100.00	100.00	100.00	100.00	100.00	75.00	100.00	100.00	75.00	100.00	75.00	100.00	100.00	75.00	100.00	100.00	100.00	50.00	100.00	75.00	100.00	100.00	100.00	100.00	100.00	100.00	100.00	100.00	100.00	75.00	100.00	100.00	100.00	100.00	100.00	100.00	100.00	100.00	100.00	100.00	100.00	100.00	75.00	100.00	100.00	100.00	75.00	75.00	100.00	100.00	25.00	100.00	100.00	100.00	100.00	100.00
p__Calditrichota	7	95.46	85	59	100.00	85.71	100.00	85.71	100.00	100.00	85.71	100.00	85.71	85.71	100.00	100.00	100.00	100.00	100.00	100.00	100.00	85.71	100.00	100.00	100.00	100.00	100.00	100.00	100.00	100.00	100.00	85.71	100.00	100.00	100.00	100.00	100.00	100.00	100.00	100.00	100.00	100.00	100.00	100.00	85.71	85.71	100.00	100.00	100.00	100.00	100.00	100.00	85.71	85.71	85.71	85.71	85.71	85.71	100.00	100.00	85.71	100.00	100.00	100.00	85.71	85.71	100.00	85.71	100.00	85.71	100.00	100.00	100.00	100.00	100.00	100.00	85.71	100.00	100.00	100.00	85.71	100.00	100.00	100.00	85.71	71.43	85.71	100.00	85.71
p__Campylobacterota	321	98.54	85	80	99.07	99.69	99.38	99.69	99.38	99.69	99.69	99.07	99.69	100.00	99.38	100.00	99.38	99.38	100.00	100.00	99.69	99.07	100.00	100.00	99.38	99.38	95.02	99.38	100.00	99.07	99.07	98.75	100.00	100.00	86.60	92.52	99.69	99.69	97.20	100.00	99.69	99.69	99.38	100.00	95.95	98.13	99.69	96.88	99.69	99.38	98.75	99.07	78.19	100.00	98.75	99.07	100.00	100.00	99.69	99.69	99.07	99.38	99.38	99.07	100.00	99.69	99.38	99.07	99.38	99.07	99.07	99.38	100.00	99.69	99.07	99.69	100.00	99.69	99.69	74.45	99.07	99.69	99.69	100.00	99.69	99.69	100.00	94.39	99.69
p__Chlamydiota	43	98.30	84	84	97.67	100.00	100.00	100.00	100.00	100.00	100.00	100.00	100.00	100.00	100.00	100.00	100.00	100.00	100.00	100.00	100.00	100.00	97.67	95.35	100.00	100.00	100.00	100.00	95.35	0.00	100.00	100.00	100.00	100.00	100.00	100.00	100.00	100.00	95.35	100.00	100.00	100.00	100.00	100.00	100.00	100.00	97.67	100.00	100.00	97.67	97.67	100.00	100.00	100.00	100.00	100.00	100.00	100.00	100.00	100.00	100.00	95.35	100.00	100.00	100.00	100.00	100.00	100.00	100.00	100.00	100.00	100.00	95.35	100.00	100.00	100.00	100.00	97.67	97.67	97.67	100.00	100.00	100.00	100.00	100.00	97.67	100.00	100.00	100.00
p__Chloroflexota	192	96.45	85	68	98.44	98.96	98.96	98.96	98.96	96.35	93.23	98.44	91.15	98.96	99.48	89.58	99.48	99.48	98.44	98.44	92.71	97.92	99.48	99.48	100.00	97.92	97.40	97.40	96.88	92.71	95.31	96.88	98.96	95.83	95.31	98.44	65.62	91.67	94.27	97.92	97.92	99.48	98.44	98.96	98.96	96.35	97.92	96.88	98.96	96.88	90.10	96.88	95.31	98.96	98.96	98.44	96.35	100.00	97.40	100.00	99.48	94.79	69.27	99.48	99.48	100.00	86.46	99.48	97.40	100.00	91.67	97.92	98.44	98.96	88.54	94.27	93.23	97.40	94.27	96.88	97.40	98.96	95.31	99.48	99.48	99.48	100.00	98.44	99.48
p__Chrysiogenetota	3	98.43	84	83	100.00	100.00	100.00	100.00	100.00	100.00	100.00	100.00	100.00	100.00	100.00	100.00	100.00	100.00	100.00	100.00	100.00	100.00	100.00	100.00	100.00	100.00	100.00	100.00	100.00	100.00	100.00	100.00	100.00	100.00	100.00	100.00	100.00	100.00	100.00	100.00	100.00	100.00	100.00	100.00	66.67	100.00	100.00	100.00	100.00	100.00	100.00	100.00	100.00	100.00	100.00	100.00	100.00	100.00	100.00	100.00	100.00	100.00	100.00	100.00	100.00	100.00	100.00	100.00	100.00	100.00	100.00	100.00	0.00	100.00	100.00	100.00	100.00	100.00	100.00	100.00	100.00	100.00	100.00	100.00	100.00	100.00	100.00	100.00	100.00
p__Cloacimonadota	12	97.25	84	63	100.00	100.00	100.00	100.00	100.00	91.67	91.67	91.67	100.00	100.00	91.67	100.00	100.00	100.00	100.00	91.67	100.00	100.00	91.67	91.67	91.67	100.00	100.00	100.00	100.00	100.00	100.00	100.00	100.00	100.00	100.00	83.33	100.00	50.00	100.00	100.00	91.67	100.00	100.00	100.00	100.00	100.00	91.67	100.00	91.67	100.00	100.00	100.00	100.00	100.00	100.00	100.00	100.00	100.00	100.00	100.00	100.00	91.67	100.00	91.67	100.00	100.00	91.67	100.00	100.00	100.00	91.67	100.00	100.00	91.67	100.00	91.67	100.00	100.00	100.00	100.00	91.67	91.67	91.67	100.00	100.00	100.00	100.00	100.00	100.00
p__Coprothermobacterota	2	90.00	76	76	100.00	100.00	100.00	100.00	100.00	100.00	100.00	100.00	100.00	100.00	100.00	0.00	100.00	0.00	100.00	100.00	100.00	100.00	100.00	100.00	100.00	100.00	100.00	100.00	100.00	100.00	100.00	100.00	100.00	100.00	100.00	100.00	100.00	100.00	100.00	100.00	100.00	100.00	100.00	0.00	100.00	100.00	100.00	100.00	100.00	0.00	0.00	100.00	50.00	100.00	100.00	100.00	100.00	100.00	100.00	100.00	100.00	100.00	0.00	100.00	100.00	100.00	100.00	100.00	100.00	100.00	100.00	100.00	0.00	100.00	100.00	100.00	100.00	100.00	0.00	100.00	100.00	100.00	100.00	100.00	100.00	100.00	100.00	100.00	100.00
p__Cyanobacteria	556	95.68	83	77	99.10	98.92	98.74	98.20	99.10	96.22	98.20	98.56	98.02	99.28	99.10	98.02	99.46	99.46	99.28	98.38	98.74	95.86	99.28	98.56	77.34	99.10	98.92	99.46	97.84	93.53	98.02	96.40	97.48	98.92	96.22	98.56	93.88	96.94	96.58	96.94	98.92	98.92	98.92	99.28	97.84	99.46	98.38	98.38	98.92	99.28	98.20	99.10	97.66	98.74	98.38	98.74	98.02	98.74	99.28	99.10	98.56	97.30	61.69	99.28	98.56	98.74	99.10	98.56	99.28	98.92	98.38	99.10	98.92	98.56	94.06	97.30	98.92	99.10	35.97	7.73	83.63	99.10	99.10	98.74	98.92	98.20	99.28	98.56	98.56
p__DTU030	3	96.86	83	79	100.00	100.00	100.00	100.00	100.00	100.00	100.00	100.00	100.00	100.00	100.00	100.00	100.00	100.00	100.00	100.00	33.33	100.00	100.00	100.00	100.00	100.00	66.67	66.67	66.67	100.00	100.00	100.00	100.00	100.00	100.00	100.00	100.00	100.00	66.67	100.00	100.00	100.00	100.00	100.00	100.00	100.00	100.00	100.00	100.00	100.00	100.00	100.00	100.00	100.00	100.00	100.00	100.00	100.00	100.00	100.00	100.00	100.00	100.00	100.00	100.00	100.00	100.00	100.00	100.00	100.00	100.00	100.00	100.00	100.00	100.00	100.00	100.00	100.00	100.00	100.00	33.33	100.00	100.00	100.00	100.00	100.00	100.00	100.00	100.00
p__DUMJ01	2	96.47	80	80	100.00	100.00	100.00	100.00	100.00	100.00	100.00	100.00	100.00	100.00	100.00	100.00	100.00	100.00	100.00	100.00	100.00	100.00	50.00	100.00	100.00	100.00	100.00	50.00	100.00	100.00	100.00	100.00	100.00	100.00	100.00	100.00	100.00	100.00	100.00	100.00	100.00	100.00	100.00	100.00	100.00	100.00	100.00	100.00	100.00	100.00	100.00	100.00	100.00	100.00	100.00	100.00	100.00	100.00	100.00	100.00	100.00	50.00	100.00	100.00	100.00	100.00	100.00	100.00	50.00	100.00	100.00	100.00	100.00	100.00	100.00	100.00	100.00	100.00	100.00	100.00	0.00	100.00	100.00	100.00	100.00	100.00	100.00	100.00	100.00
p__Deferribacterota	13	94.93	84	55	100.00	92.31	84.62	100.00	100.00	100.00	100.00	100.00	100.00	92.31	100.00	100.00	100.00	100.00	100.00	92.31	100.00	100.00	100.00	100.00	100.00	100.00	0.00	92.31	100.00	100.00	100.00	100.00	100.00	100.00	53.85	100.00	100.00	100.00	100.00	100.00	100.00	100.00	100.00	100.00	100.00	100.00	100.00	100.00	100.00	84.62	100.00	100.00	84.62	92.31	92.31	100.00	92.31	92.31	84.62	100.00	92.31	84.62	100.00	100.00	92.31	92.31	100.00	92.31	84.62	92.31	100.00	84.62	100.00	100.00	92.31	84.62	92.31	100.00	100.00	84.62	100.00	100.00	100.00	100.00	92.31	92.31	92.31	100.00	92.31
p__Deinococcota	100	98.24	84	82	100.00	100.00	100.00	99.00	100.00	100.00	98.00	100.00	100.00	100.00	100.00	100.00	79.00	100.00	100.00	100.00	100.00	100.00	100.00	100.00	100.00	100.00	98.00	100.00	99.00	100.00	100.00	100.00	100.00	100.00	100.00	100.00	100.00	97.00	100.00	100.00	100.00	100.00	100.00	99.00	100.00	100.00	100.00	100.00	99.00	99.00	100.00	100.00	99.00	100.00	99.00	100.00	100.00	100.00	100.00	100.00	100.00	100.00	98.00	100.00	100.00	100.00	99.00	100.00	99.00	100.00	100.00	99.00	100.00	100.00	91.00	100.00	100.00	100.00	0.00	100.00	99.00	100.00	100.00	100.00	100.00	100.00	100.00	100.00	100.00
p__Dependentiae	19	91.52	80	50	100.00	100.00	100.00	100.00	100.00	89.47	100.00	100.00	84.21	100.00	100.00	89.47	94.74	94.74	100.00	100.00	94.74	100.00	100.00	100.00	100.00	100.00	100.00	68.42	100.00	100.00	100.00	94.74	100.00	94.74	100.00	26.32	100.00	94.74	0.00	100.00	100.00	94.74	100.00	94.74	94.74	94.74	94.74	100.00	100.00	100.00	78.95	94.74	84.21	100.00	100.00	94.74	100.00	100.00	100.00	94.74	100.00	94.74	94.74	94.74	100.00	100.00	94.74	100.00	100.00	100.00	94.74	100.00	94.74	94.74	100.00	94.74	100.00	63.16	0.00	100.00	100.00	0.00	84.21	100.00	100.00	100.00	26.32	100.00	100.00
p__Desulfobacterota	310	96.53	85	78	99.03	98.71	97.74	99.68	99.68	99.35	98.39	80.32	96.13	97.74	99.03	99.35	86.77	89.68	98.06	98.71	87.74	100.00	98.71	99.35	99.68	99.03	57.42	98.06	98.71	61.94	98.71	98.06	98.39	99.03	97.10	99.68	71.94	99.03	96.13	99.68	98.39	99.35	100.00	99.03	98.06	98.06	98.71	99.35	97.10	96.77	98.06	98.39	95.16	98.71	98.06	99.03	97.42	96.13	97.42	99.68	98.06	96.45	97.10	99.03	98.71	98.06	99.68	97.74	97.10	97.74	96.13	96.13	99.35	98.71	99.35	97.42	98.39	99.68	98.06	97.10	98.39	99.03	100.00	99.35	97.42	96.13	98.39	98.06	98.71
p__Desulfobacterota_B	9	95.69	85	64	100.00	100.00	100.00	100.00	88.89	88.89	77.78	77.78	100.00	100.00	100.00	100.00	100.00	100.00	100.00	100.00	88.89	88.89	100.00	100.00	100.00	100.00	55.56	88.89	100.00	66.67	88.89	100.00	100.00	100.00	100.00	100.00	100.00	100.00	77.78	100.00	100.00	100.00	100.00	77.78	100.00	100.00	88.89	100.00	77.78	100.00	100.00	100.00	100.00	100.00	100.00	88.89	100.00	100.00	100.00	88.89	100.00	100.00	100.00	100.00	100.00	100.00	88.89	100.00	100.00	100.00	100.00	100.00	100.00	100.00	100.00	100.00	100.00	88.89	100.00	100.00	100.00	100.00	66.67	100.00	88.89	100.00	100.00	100.00	88.89
p__Desulfobacterota_C	3	97.65	84	81	100.00	100.00	100.00	100.00	100.00	100.00	100.00	100.00	100.00	100.00	100.00	100.00	100.00	100.00	100.00	100.00	66.67	100.00	100.00	100.00	100.00	100.00	0.00	100.00	100.00	100.00	100.00	66.67	100.00	100.00	100.00	100.00	100.00	100.00	100.00	100.00	100.00	100.00	100.00	100.00	100.00	100.00	100.00	100.00	100.00	100.00	100.00	100.00	100.00	100.00	100.00	100.00	66.67	100.00	100.00	100.00	100.00	100.00	100.00	100.00	100.00	100.00	100.00	100.00	100.00	100.00	100.00	100.00	100.00	100.00	100.00	100.00	100.00	100.00	100.00	100.00	100.00	100.00	100.00	100.00	100.00	100.00	100.00	100.00	100.00
p__Desulfobacterota_D	6	98.04	85	78	100.00	100.00	100.00	100.00	100.00	100.00	100.00	100.00	100.00	100.00	100.00	100.00	66.67	66.67	100.00	100.00	100.00	100.00	100.00	100.00	100.00	100.00	83.33	100.00	100.00	100.00	100.00	100.00	83.33	100.00	100.00	100.00	100.00	83.33	100.00	100.00	100.00	100.00	100.00	100.00	100.00	100.00	66.67	100.00	100.00	100.00	100.00	100.00	100.00	100.00	100.00	100.00	100.00	100.00	100.00	100.00	100.00	100.00	100.00	100.00	100.00	100.00	100.00	100.00	100.00	100.00	100.00	100.00	100.00	83.33	100.00	100.00	100.00	100.00	100.00	100.00	100.00	100.00	100.00	100.00	100.00	100.00	100.00	100.00	100.00
p__Desulfobacterota_E	5	95.29	84	70	80.00	100.00	100.00	60.00	100.00	100.00	100.00	80.00	80.00	100.00	100.00	100.00	100.00	100.00	60.00	100.00	80.00	100.00	100.00	100.00	100.00	100.00	100.00	100.00	100.00	100.00	100.00	100.00	100.00	100.00	100.00	100.00	20.00	100.00	80.00	100.00	100.00	100.00	100.00	100.00	100.00	100.00	100.00	80.00	100.00	100.00	80.00	80.00	100.00	100.00	100.00	100.00	100.00	100.00	100.00	100.00	100.00	100.00	80.00	80.00	100.00	100.00	100.00	100.00	100.00	100.00	80.00	100.00	100.00	100.00	100.00	100.00	100.00	100.00	100.00	100.00	100.00	100.00	100.00	100.00	100.00	100.00	100.00	80.00	100.00
p__Desulfobacterota_F	96	95.63	84	62	98.96	95.83	91.67	100.00	97.92	98.96	98.96	98.96	92.71	95.83	100.00	98.96	98.96	100.00	96.88	97.92	93.75	100.00	98.96	98.96	100.00	100.00	6.25	98.96	97.92	91.67	98.96	98.96	100.00	96.88	75.00	100.00	98.96	98.96	98.96	100.00	98.96	100.00	100.00	98.96	98.96	98.96	100.00	100.00	91.67	91.67	98.96	96.88	83.33	94.79	95.83	98.96	92.71	91.67	91.67	97.92	89.58	96.88	97.92	96.88	94.79	92.71	100.00	95.83	91.67	93.75	98.96	91.67	98.96	98.96	95.83	91.67	94.79	98.96	95.83	95.83	98.96	100.00	97.92	100.00	96.88	93.75	96.88	100.00	94.79
p__Desulfobacterota_G	13	92.40	83	41	84.62	92.31	92.31	100.00	100.00	92.31	92.31	61.54	53.85	100.00	100.00	100.00	100.00	38.46	92.31	92.31	23.08	100.00	100.00	100.00	92.31	100.00	100.00	100.00	92.31	84.62	92.31	100.00	92.31	100.00	84.62	92.31	92.31	92.31	100.00	100.00	92.31	100.00	100.00	100.00	100.00	100.00	92.31	100.00	100.00	76.92	76.92	92.31	76.92	100.00	92.31	100.00	100.00	100.00	92.31	100.00	92.31	69.23	100.00	100.00	100.00	92.31	100.00	92.31	92.31	92.31	84.62	92.31	100.00	100.00	92.31	84.62	100.00	100.00	84.62	92.31	100.00	92.31	100.00	100.00	92.31	100.00	92.31	100.00	92.31
p__Dictyoglomota	5	98.59	84	83	100.00	100.00	100.00	100.00	100.00	100.00	100.00	100.00	100.00	100.00	100.00	100.00	100.00	100.00	100.00	100.00	0.00	100.00	80.00	100.00	100.00	100.00	100.00	100.00	100.00	100.00	100.00	100.00	100.00	100.00	100.00	100.00	100.00	100.00	100.00	100.00	100.00	100.00	100.00	100.00	100.00	100.00	100.00	100.00	100.00	100.00	100.00	100.00	100.00	100.00	100.00	100.00	100.00	100.00	100.00	100.00	100.00	100.00	100.00	100.00	100.00	100.00	100.00	100.00	100.00	100.00	100.00	100.00	100.00	100.00	100.00	100.00	100.00	100.00	100.00	100.00	100.00	100.00	100.00	100.00	100.00	100.00	100.00	100.00	100.00
p__Edwardsbacteria	3	97.25	84	80	100.00	100.00	100.00	100.00	100.00	100.00	100.00	100.00	100.00	100.00	100.00	100.00	100.00	100.00	100.00	100.00	100.00	100.00	100.00	100.00	100.00	100.00	100.00	100.00	100.00	0.00	100.00	100.00	100.00	100.00	100.00	100.00	100.00	100.00	100.00	100.00	100.00	100.00	100.00	100.00	100.00	66.67	100.00	100.00	100.00	100.00	100.00	66.67	100.00	100.00	100.00	100.00	100.00	100.00	100.00	100.00	100.00	100.00	66.67	100.00	100.00	100.00	100.00	100.00	100.00	100.00	100.00	66.67	100.00	100.00	100.00	100.00	100.00	100.00	100.00	100.00	100.00	100.00	100.00	100.00	100.00	100.00	100.00	100.00	100.00
p__Eisenbacteria	3	98.43	85	81	100.00	100.00	100.00	100.00	100.00	100.00	100.00	100.00	100.00	100.00	100.00	100.00	100.00	100.00	100.00	100.00	66.67	100.00	100.00	100.00	100.00	100.00	100.00	100.00	100.00	100.00	100.00	100.00	66.67	100.00	100.00	100.00	100.00	100.00	100.00	66.67	66.67	100.00	100.00	100.00	100.00	100.00	100.00	100.00	100.00	100.00	100.00	100.00	100.00	100.00	100.00	100.00	100.00	100.00	100.00	100.00	100.00	100.00	100.00	100.00	100.00	100.00	100.00	100.00	100.00	100.00	100.00	100.00	100.00	100.00	100.00	100.00	100.00	100.00	100.00	100.00	100.00	100.00	100.00	100.00	100.00	100.00	100.00	100.00	100.00
p__Elusimicrobiota	34	92.73	81	63	100.00	97.06	94.12	88.24	100.00	97.06	94.12	100.00	100.00	100.00	97.06	0.00	97.06	82.35	94.12	100.00	85.29	97.06	100.00	97.06	97.06	97.06	38.24	79.41	100.00	73.53	97.06	97.06	91.18	100.00	88.24	94.12	97.06	97.06	94.12	100.00	100.00	100.00	100.00	97.06	97.06	100.00	100.00	100.00	97.06	100.00	0.00	97.06	100.00	97.06	97.06	100.00	97.06	100.00	94.12	97.06	79.41	100.00	100.00	100.00	97.06	97.06	97.06	97.06	100.00	97.06	100.00	100.00	100.00	100.00	100.00	94.12	100.00	97.06	100.00	94.12	97.06	97.06	94.12	26.47	94.12	97.06	100.00	97.06	97.06
p__Eremiobacterota	7	96.13	84	69	100.00	100.00	100.00	100.00	100.00	100.00	100.00	100.00	100.00	100.00	100.00	100.00	100.00	28.57	100.00	100.00	100.00	100.00	100.00	100.00	100.00	100.00	100.00	71.43	100.00	85.71	100.00	100.00	85.71	100.00	100.00	100.00	85.71	85.71	71.43	100.00	85.71	100.00	100.00	85.71	100.00	100.00	85.71	100.00	71.43	100.00	100.00	85.71	100.00	100.00	100.00	100.00	100.00	100.00	85.71	100.00	100.00	100.00	85.71	100.00	100.00	100.00	100.00	100.00	100.00	100.00	100.00	100.00	85.71	100.00	85.71	100.00	100.00	100.00	100.00	100.00	100.00	100.00	100.00	100.00	100.00	100.00	100.00	100.00	100.00
p__FCPU426	1	96.47	82	82	100.00	100.00	100.00	100.00	100.00	100.00	100.00	100.00	100.00	100.00	0.00	100.00	100.00	100.00	100.00	100.00	100.00	100.00	100.00	100.00	100.00	100.00	100.00	100.00	100.00	100.00	100.00	100.00	100.00	100.00	100.00	100.00	100.00	100.00	100.00	100.00	100.00	100.00	100.00	100.00	100.00	100.00	100.00	100.00	100.00	100.00	100.00	100.00	100.00	100.00	100.00	100.00	100.00	100.00	100.00	100.00	100.00	100.00	100.00	100.00	100.00	100.00	0.00	100.00	100.00	100.00	100.00	100.00	100.00	100.00	100.00	100.00	100.00	100.00	100.00	100.00	100.00	100.00	0.00	100.00	100.00	100.00	100.00	100.00	100.00
p__FEN-1099	1	96.47	82	82	100.00	100.00	100.00	100.00	100.00	100.00	100.00	100.00	100.00	100.00	100.00	100.00	100.00	100.00	100.00	100.00	0.00	100.00	100.00	100.00	100.00	100.00	100.00	100.00	100.00	100.00	100.00	100.00	100.00	100.00	100.00	100.00	0.00	100.00	100.00	100.00	100.00	100.00	100.00	100.00	100.00	100.00	100.00	100.00	100.00	100.00	100.00	0.00	100.00	100.00	100.00	100.00	100.00	100.00	100.00	100.00	100.00	100.00	100.00	100.00	100.00	100.00	100.00	100.00	100.00	100.00	100.00	100.00	100.00	100.00	100.00	100.00	100.00	100.00	100.00	100.00	100.00	100.00	100.00	100.00	100.00	100.00	100.00	100.00	100.00
p__Fermentibacterota	2	94.12	79	79	100.00	100.00	100.00	100.00	100.00	100.00	100.00	100.00	100.00	100.00	100.00	100.00	100.00	0.00	100.00	100.00	0.00	100.00	100.00	100.00	100.00	100.00	0.00	100.00	100.00	100.00	100.00	100.00	100.00	100.00	100.00	100.00	100.00	100.00	100.00	100.00	0.00	100.00	100.00	100.00	100.00	100.00	100.00	100.00	100.00	100.00	100.00	100.00	100.00	100.00	100.00	100.00	100.00	100.00	100.00	100.00	100.00	100.00	100.00	100.00	100.00	100.00	100.00	100.00	100.00	100.00	100.00	100.00	100.00	100.00	100.00	100.00	100.00	100.00	50.00	100.00	100.00	100.00	100.00	100.00	100.00	100.00	50.00	100.00	100.00
p__Fibrobacterota	41	94.43	84	62	97.56	90.24	90.24	95.12	95.12	100.00	85.37	95.12	97.56	100.00	100.00	97.56	100.00	97.56	100.00	100.00	95.12	100.00	100.00	100.00	100.00	100.00	100.00	100.00	97.56	0.00	87.80	90.24	97.56	97.56	60.98	100.00	97.56	95.12	100.00	95.12	97.56	100.00	100.00	97.56	100.00	95.12	97.56	100.00	100.00	87.80	97.56	97.56	80.49	97.56	92.68	100.00	97.56	95.12	90.24	100.00	90.24	92.68	97.56	100.00	97.56	90.24	100.00	90.24	90.24	87.80	97.56	90.24	100.00	100.00	97.56	87.80	100.00	100.00	97.56	80.49	100.00	97.56	100.00	100.00	87.80	97.56	87.80	100.00	87.80
p__Firestonebacteria	3	92.55	79	77	100.00	100.00	100.00	100.00	100.00	100.00	33.33	100.00	100.00	100.00	100.00	0.00	100.00	100.00	100.00	100.00	0.00	100.00	100.00	100.00	100.00	100.00	100.00	100.00	100.00	100.00	100.00	100.00	100.00	66.67	100.00	0.00	100.00	100.00	100.00	100.00	100.00	100.00	100.00	100.00	100.00	100.00	100.00	100.00	100.00	100.00	0.00	100.00	100.00	100.00	100.00	100.00	100.00	100.00	100.00	100.00	100.00	100.00	100.00	100.00	100.00	100.00	100.00	100.00	100.00	100.00	100.00	100.00	100.00	100.00	100.00	100.00	100.00	100.00	100.00	100.00	66.67	100.00	100.00	0.00	100.00	100.00	100.00	100.00	100.00
p__Firmicutes	2604	97.95	85	73	99.46	99.88	99.88	99.00	99.85	93.43	99.12	99.50	94.32	99.42	99.92	99.50	99.65	97.96	99.46	99.46	99.65	99.50	99.50	99.81	88.40	97.12	99.62	93.43	98.85	98.89	89.48	99.39	86.10	87.06	96.81	99.16	99.65	89.06	99.00	99.65	99.16	99.88	99.54	95.20	98.62	99.50	99.27	99.65	98.66	93.74	99.23	96.89	97.89	97.00	99.96	99.54	99.31	99.85	99.77	99.65	99.92	97.47	98.04	99.81	99.88	99.96	91.09	99.88	99.77	99.96	96.43	99.31	94.74	99.69	95.74	99.42	99.12	90.59	99.16	99.73	99.19	99.39	98.27	99.81	99.73	99.31	99.73	99.31	99.39
p__Firmicutes_A	1567	97.21	85	76	98.21	98.60	98.98	76.64	99.49	98.98	98.66	96.81	98.09	99.17	99.30	99.62	99.55	99.43	98.09	98.47	98.40	99.11	99.49	99.30	97.19	99.36	99.11	84.88	97.89	97.38	98.47	98.79	92.85	95.41	91.45	99.55	97.64	95.66	98.47	99.11	99.04	99.23	99.94	99.23	98.98	99.17	99.43	98.92	98.79	98.53	98.98	94.96	98.53	98.53	97.96	99.30	89.02	98.85	97.89	98.85	98.21	63.94	94.38	98.79	99.17	98.47	97.51	98.34	98.92	98.40	98.79	98.72	99.43	99.36	96.81	98.09	98.21	98.53	98.40	98.02	83.28	99.62	95.02	99.43	98.47	98.79	98.79	98.98	98.40
p__Firmicutes_B	133	98.16	85	79	99.25	97.74	98.50	95.49	97.74	99.25	99.25	96.99	96.24	98.50	98.50	99.25	100.00	98.50	96.24	98.50	96.99	98.50	100.00	99.25	99.25	99.25	100.00	98.50	100.00	96.24	93.98	99.25	99.25	98.50	93.98	99.25	99.25	98.50	91.73	99.25	100.00	100.00	100.00	98.50	100.00	100.00	100.00	99.25	100.00	98.50	99.25	97.74	98.50	96.99	98.50	100.00	98.50	97.74	99.25	99.25	98.50	86.47	86.47	99.25	96.99	97.74	99.25	98.50	98.50	98.50	99.25	98.50	98.50	100.00	93.23	98.50	96.99	100.00	99.25	99.25	99.25	97.74	98.50	100.00	98.50	98.50	97.74	98.50	98.50
p__Firmicutes_C	169	97.78	85	74	98.22	97.63	94.67	75.74	99.41	99.41	99.41	89.94	99.41	97.04	99.41	99.41	100.00	100.00	99.41	100.00	99.41	99.41	100.00	97.04	99.41	99.41	100.00	100.00	100.00	94.67	97.04	98.82	99.41	98.22	94.08	100.00	98.82	98.82	99.41	100.00	100.00	99.41	100.00	100.00	98.82	100.00	100.00	100.00	99.41	94.67	99.41	98.22	84.62	97.63	96.45	98.82	89.35	97.63	97.63	98.82	97.04	97.63	98.22	98.22	97.63	97.04	98.82	97.04	94.08	97.63	98.22	93.49	100.00	100.00	96.45	97.04	94.67	100.00	100.00	96.45	98.82	99.41	100.00	100.00	97.63	98.82	97.04	99.41	96.45
p__Firmicutes_D	14	97.65	85	68	92.86	100.00	100.00	100.00	100.00	100.00	100.00	92.86	100.00	100.00	92.86	100.00	100.00	100.00	92.86	100.00	78.57	100.00	100.00	100.00	100.00	100.00	100.00	92.86	100.00	100.00	100.00	100.00	78.57	92.86	92.86	100.00	100.00	64.29	100.00	100.00	100.00	100.00	100.00	100.00	100.00	100.00	100.00	92.86	100.00	100.00	100.00	92.86	100.00	100.00	100.00	100.00	100.00	100.00	100.00	100.00	100.00	100.00	100.00	100.00	100.00	100.00	100.00	100.00	100.00	100.00	78.57	100.00	92.86	85.71	100.00	100.00	100.00	100.00	100.00	100.00	100.00	92.86	100.00	100.00	100.00	100.00	100.00	92.86	100.00
p__Firmicutes_E	13	99.28	85	78	100.00	100.00	100.00	100.00	100.00	100.00	100.00	100.00	100.00	100.00	100.00	100.00	100.00	100.00	100.00	100.00	100.00	100.00	100.00	100.00	100.00	100.00	100.00	100.00	100.00	100.00	100.00	100.00	100.00	84.62	100.00	100.00	100.00	92.31	92.31	100.00	100.00	100.00	100.00	100.00	100.00	100.00	92.31	100.00	100.00	100.00	100.00	100.00	100.00	100.00	100.00	100.00	92.31	100.00	100.00	100.00	100.00	100.00	100.00	100.00	100.00	100.00	100.00	100.00	100.00	100.00	100.00	100.00	100.00	100.00	100.00	100.00	100.00	100.00	100.00	100.00	100.00	92.31	92.31	100.00	100.00	100.00	100.00	100.00	100.00
p__Firmicutes_F	23	95.86	83	78	95.65	100.00	100.00	100.00	100.00	100.00	100.00	100.00	100.00	100.00	100.00	100.00	100.00	100.00	100.00	100.00	95.65	100.00	100.00	100.00	100.00	95.65	100.00	100.00	100.00	100.00	100.00	100.00	82.61	95.65	95.65	82.61	100.00	100.00	86.96	100.00	100.00	95.65	100.00	95.65	100.00	100.00	100.00	100.00	100.00	100.00	100.00	100.00	100.00	100.00	100.00	100.00	52.17	95.65	100.00	100.00	100.00	4.35	4.35	95.65	95.65	100.00	100.00	100.00	100.00	100.00	91.30	100.00	100.00	100.00	100.00	100.00	100.00	100.00	100.00	100.00	95.65	100.00	100.00	100.00	95.65	100.00	95.65	100.00	100.00
p__Firmicutes_G	24	96.96	85	76	100.00	100.00	100.00	100.00	100.00	100.00	100.00	100.00	87.50	95.83	100.00	95.83	100.00	95.83	100.00	95.83	58.33	95.83	100.00	100.00	95.83	100.00	95.83	95.83	95.83	91.67	91.67	95.83	83.33	95.83	95.83	100.00	95.83	95.83	100.00	100.00	95.83	100.00	100.00	100.00	95.83	100.00	100.00	100.00	100.00	100.00	95.83	100.00	100.00	100.00	100.00	100.00	87.50	100.00	95.83	100.00	100.00	95.83	95.83	100.00	100.00	95.83	91.67	100.00	100.00	100.00	87.50	100.00	100.00	100.00	95.83	95.83	95.83	100.00	95.83	95.83	100.00	95.83	83.33	100.00	95.83	95.83	100.00	100.00	100.00
p__Firmicutes_H	2	99.41	84	84	100.00	100.00	100.00	100.00	100.00	100.00	100.00	100.00	100.00	100.00	100.00	100.00	100.00	100.00	100.00	100.00	100.00	100.00	100.00	100.00	100.00	100.00	100.00	100.00	100.00	100.00	100.00	100.00	100.00	100.00	100.00	100.00	100.00	100.00	100.00	100.00	100.00	100.00	100.00	100.00	100.00	100.00	100.00	100.00	100.00	100.00	100.00	100.00	50.00	100.00	100.00	100.00	100.00	100.00	100.00	100.00	100.00	100.00	100.00	100.00	100.00	100.00	100.00	100.00	100.00	100.00	100.00	100.00	100.00	100.00	100.00	100.00	100.00	100.00	100.00	100.00	100.00	100.00	100.00	100.00	100.00	100.00	100.00	100.00	100.00
p__Fusobacteriota	67	97.03	83	78	100.00	100.00	100.00	100.00	98.51	100.00	100.00	100.00	98.51	98.51	100.00	100.00	100.00	100.00	100.00	95.52	100.00	100.00	100.00	98.51	100.00	100.00	100.00	64.18	100.00	43.28	92.54	100.00	98.51	100.00	14.93	100.00	100.00	100.00	100.00	100.00	100.00	100.00	100.00	100.00	100.00	100.00	100.00	100.00	95.52	89.55	100.00	98.51	92.54	100.00	100.00	97.01	100.00	100.00	97.01	100.00	100.00	98.51	100.00	100.00	100.00	98.51	100.00	98.51	100.00	100.00	100.00	100.00	95.52	100.00	88.06	98.51	100.00	100.00	100.00	100.00	98.51	98.51	100.00	100.00	100.00	100.00	100.00	100.00	100.00
p__GCA-001730085	1	95.29	81	81	100.00	100.00	100.00	100.00	100.00	100.00	100.00	100.00	100.00	100.00	100.00	100.00	100.00	100.00	100.00	100.00	0.00	100.00	100.00	100.00	100.00	100.00	100.00	100.00	100.00	0.00	100.00	100.00	100.00	100.00	100.00	100.00	100.00	100.00	100.00	100.00	100.00	100.00	100.00	100.00	100.00	100.00	100.00	100.00	100.00	0.00	100.00	100.00	100.00	100.00	100.00	100.00	100.00	100.00	100.00	100.00	100.00	100.00	100.00	100.00	100.00	100.00	100.00	100.00	100.00	0.00	100.00	100.00	100.00	100.00	100.00	100.00	100.00	100.00	100.00	100.00	100.00	100.00	100.00	100.00	100.00	100.00	100.00	100.00	100.00
p__Gemmatimonadota	26	94.71	83	60	100.00	92.31	96.15	100.00	100.00	100.00	100.00	100.00	100.00	96.15	100.00	96.15	92.31	100.00	100.00	100.00	96.15	100.00	100.00	100.00	80.77	100.00	92.31	100.00	100.00	30.77	92.31	100.00	100.00	100.00	100.00	96.15	96.15	100.00	96.15	100.00	100.00	92.31	100.00	100.00	100.00	100.00	100.00	100.00	100.00	92.31	100.00	92.31	92.31	96.15	92.31	100.00	84.62	92.31	96.15	100.00	92.31	88.46	76.92	100.00	96.15	96.15	100.00	92.31	96.15	92.31	100.00	92.31	100.00	92.31	100.00	92.31	96.15	100.00	0.00	88.46	100.00	100.00	100.00	96.15	92.31	96.15	96.15	100.00	92.31
p__Goldbacteria	3	98.04	85	80	100.00	100.00	100.00	100.00	100.00	100.00	100.00	100.00	100.00	100.00	100.00	100.00	100.00	100.00	66.67	100.00	100.00	100.00	100.00	100.00	100.00	100.00	100.00	100.00	100.00	100.00	100.00	66.67	100.00	100.00	100.00	66.67	100.00	100.00	100.00	100.00	100.00	100.00	100.00	100.00	100.00	100.00	100.00	100.00	100.00	100.00	100.00	100.00	100.00	100.00	100.00	100.00	100.00	100.00	100.00	100.00	100.00	66.67	100.00	100.00	100.00	100.00	100.00	100.00	100.00	100.00	100.00	100.00	100.00	100.00	100.00	100.00	100.00	100.00	66.67	100.00	100.00	100.00	100.00	100.00	100.00	100.00	100.00	100.00	100.00
p__Hydrogenedentota	13	95.66	84	51	100.00	92.31	100.00	100.00	100.00	100.00	100.00	100.00	100.00	100.00	100.00	100.00	100.00	100.00	92.31	92.31	100.00	100.00	100.00	100.00	100.00	92.31	92.31	76.92	100.00	15.38	92.31	92.31	100.00	100.00	92.31	100.00	100.00	100.00	100.00	100.00	100.00	100.00	100.00	92.31	92.31	92.31	100.00	100.00	100.00	100.00	92.31	92.31	92.31	100.00	92.31	100.00	100.00	100.00	100.00	100.00	92.31	84.62	92.31	100.00	92.31	92.31	100.00	92.31	92.31	92.31	92.31	100.00	100.00	100.00	92.31	100.00	100.00	100.00	100.00	92.31	100.00	100.00	92.31	84.62	92.31	100.00	92.31	92.31	92.31
p__JACIXR01	2	97.65	83	83	100.00	100.00	100.00	100.00	100.00	100.00	100.00	100.00	100.00	100.00	100.00	100.00	100.00	0.00	100.00	100.00	100.00	100.00	100.00	100.00	100.00	100.00	100.00	100.00	100.00	100.00	100.00	100.00	100.00	100.00	100.00	100.00	100.00	100.00	100.00	100.00	100.00	100.00	100.00	100.00	100.00	100.00	0.00	100.00	100.00	100.00	100.00	100.00	100.00	100.00	100.00	100.00	100.00	100.00	100.00	100.00	100.00	100.00	100.00	100.00	100.00	100.00	100.00	100.00	100.00	100.00	100.00	100.00	100.00	100.00	100.00	100.00	100.00	100.00	100.00	100.00	100.00	100.00	100.00	100.00	100.00	100.00	100.00	100.00	100.00
p__KSB1	8	96.47	84	71	100.00	100.00	100.00	100.00	87.50	100.00	100.00	87.50	62.50	100.00	100.00	87.50	100.00	100.00	100.00	100.00	75.00	100.00	100.00	100.00	100.00	87.50	100.00	100.00	87.50	100.00	87.50	100.00	100.00	87.50	100.00	100.00	100.00	100.00	100.00	100.00	100.00	100.00	100.00	100.00	100.00	87.50	100.00	100.00	100.00	100.00	75.00	87.50	100.00	100.00	100.00	100.00	100.00	100.00	100.00	100.00	100.00	100.00	100.00	100.00	100.00	100.00	12.50	100.00	100.00	100.00	100.00	100.00	100.00	100.00	100.00	100.00	100.00	100.00	87.50	100.00	100.00	100.00	100.00	100.00	100.00	100.00	100.00	100.00	100.00
p__Krumholzibacteriota	3	99.61	85	84	100.00	100.00	100.00	100.00	100.00	100.00	100.00	100.00	100.00	100.00	100.00	100.00	100.00	100.00	100.00	100.00	100.00	100.00	100.00	100.00	100.00	100.00	100.00	100.00	100.00	100.00	100.00	100.00	100.00	100.00	100.00	100.00	100.00	100.00	100.00	100.00	100.00	100.00	100.00	100.00	100.00	100.00	100.00	100.00	100.00	100.00	100.00	66.67	100.00	100.00	100.00	100.00	100.00	100.00	100.00	100.00	100.00	100.00	100.00	100.00	100.00	100.00	100.00	100.00	100.00	100.00	100.00	100.00	100.00	100.00	100.00	100.00	100.00	100.00	100.00	100.00	100.00	100.00	100.00	100.00	100.00	100.00	100.00	100.00	100.00
p__Lindowbacteria	1	98.82	84	84	100.00	100.00	100.00	100.00	100.00	100.00	100.00	100.00	100.00	100.00	100.00	100.00	100.00	100.00	100.00	100.00	100.00	100.00	100.00	100.00	100.00	100.00	100.00	100.00	100.00	100.00	100.00	100.00	100.00	100.00	100.00	100.00	100.00	100.00	100.00	100.00	100.00	100.00	100.00	0.00	100.00	100.00	100.00	100.00	100.00	100.00	100.00	100.00	100.00	100.00	100.00	100.00	100.00	100.00	100.00	100.00	100.00	100.00	100.00	100.00	100.00	100.00	100.00	100.00	100.00	100.00	100.00	100.00	100.00	100.00	100.00	100.00	100.00	100.00	100.00	100.00	100.00	100.00	100.00	100.00	100.00	100.00	100.00	100.00	100.00
p__Margulisbacteria	8	92.94	81	60	100.00	87.50	100.00	100.00	100.00	100.00	87.50	100.00	100.00	100.00	100.00	0.00	100.00	100.00	100.00	100.00	62.50	100.00	100.00	100.00	100.00	100.00	100.00	87.50	100.00	87.50	100.00	100.00	100.00	100.00	100.00	100.00	100.00	100.00	100.00	100.00	100.00	100.00	100.00	100.00	100.00	100.00	100.00	100.00	87.50	100.00	0.00	100.00	100.00	100.00	87.50	100.00	100.00	87.50	87.50	100.00	87.50	87.50	75.00	100.00	87.50	87.50	87.50	87.50	100.00	87.50	87.50	100.00	100.00	100.00	100.00	100.00	100.00	100.00	100.00	100.00	87.50	50.00	100.00	50.00	100.00	100.00	87.50	100.00	87.50
p__Marinisomatota	8	95.74	83	68	100.00	100.00	100.00	100.00	87.50	100.00	100.00	100.00	100.00	100.00	100.00	50.00	87.50	100.00	87.50	100.00	62.50	100.00	87.50	100.00	100.00	100.00	75.00	100.00	100.00	100.00	100.00	100.00	100.00	100.00	100.00	87.50	100.00	100.00	100.00	100.00	100.00	87.50	100.00	100.00	100.00	100.00	100.00	87.50	100.00	100.00	50.00	100.00	100.00	87.50	100.00	100.00	100.00	100.00	100.00	100.00	100.00	100.00	100.00	100.00	100.00	100.00	100.00	100.00	100.00	87.50	100.00	100.00	100.00	87.50	100.00	100.00	100.00	75.00	62.50	100.00	100.00	100.00	100.00	87.50	100.00	100.00	100.00	100.00	100.00
p__Methylomirabilota	21	94.06	81	69	100.00	100.00	95.24	95.24	100.00	95.24	90.48	100.00	95.24	100.00	95.24	100.00	100.00	42.86	100.00	95.24	85.71	100.00	95.24	95.24	100.00	100.00	42.86	100.00	95.24	90.48	95.24	100.00	95.24	90.48	100.00	100.00	95.24	95.24	90.48	100.00	100.00	100.00	100.00	85.71	100.00	100.00	100.00	95.24	100.00	85.71	100.00	100.00	80.95	100.00	95.24	100.00	90.48	95.24	95.24	100.00	100.00	100.00	95.24	100.00	95.24	100.00	85.71	95.24	95.24	100.00	95.24	85.71	100.00	100.00	100.00	90.48	42.86	100.00	38.10	95.24	100.00	95.24	95.24	100.00	100.00	100.00	100.00	100.00	95.24
p__Moduliflexota	2	94.12	77	77	100.00	100.00	100.00	100.00	100.00	100.00	100.00	50.00	100.00	100.00	100.00	100.00	100.00	100.00	100.00	100.00	100.00	100.00	100.00	100.00	100.00	100.00	50.00	100.00	100.00	0.00	100.00	100.00	100.00	100.00	100.00	100.00	100.00	100.00	100.00	100.00	100.00	100.00	100.00	100.00	100.00	100.00	100.00	100.00	100.00	100.00	100.00	100.00	100.00	100.00	100.00	50.00	100.00	100.00	100.00	100.00	100.00	100.00	100.00	100.00	100.00	100.00	0.00	100.00	100.00	100.00	100.00	100.00	100.00	100.00	50.00	100.00	50.00	100.00	100.00	100.00	50.00	100.00	100.00	100.00	100.00	100.00	100.00	100.00	100.00
p__Myxococcota	134	94.30	83	74	98.51	98.51	94.78	98.51	99.25	99.25	97.01	96.27	33.58	97.76	98.51	98.51	83.58	99.25	96.27	97.01	91.04	98.51	100.00	100.00	76.87	100.00	95.52	97.01	97.01	95.52	72.39	85.82	97.01	99.25	98.51	59.70	95.52	100.00	97.76	99.25	97.01	96.27	100.00	86.57	98.51	98.51	99.25	98.51	98.51	96.27	97.76	97.76	95.52	99.25	97.76	98.51	72.39	98.51	98.51	99.25	98.51	96.27	98.51	100.00	98.51	97.01	95.52	98.51	96.27	98.51	97.01	96.27	99.25	99.25	10.45	95.52	99.25	98.51	97.01	95.52	97.01	97.76	97.76	100.00	98.51	99.25	96.27	97.76	97.76
p__Nitrospinota	8	96.03	84	66	100.00	100.00	100.00	100.00	100.00	100.00	100.00	100.00	100.00	100.00	100.00	87.50	100.00	100.00	87.50	100.00	100.00	100.00	100.00	100.00	100.00	100.00	12.50	100.00	87.50	87.50	100.00	87.50	100.00	87.50	100.00	100.00	100.00	100.00	100.00	100.00	100.00	100.00	100.00	87.50	87.50	100.00	100.00	100.00	87.50	100.00	75.00	100.00	100.00	100.00	100.00	100.00	100.00	100.00	100.00	100.00	100.00	87.50	75.00	100.00	100.00	100.00	100.00	100.00	100.00	100.00	100.00	100.00	100.00	100.00	100.00	100.00	100.00	100.00	87.50	100.00	87.50	87.50	87.50	87.50	100.00	100.00	100.00	87.50	100.00
p__Nitrospinota_A	1	96.47	82	82	100.00	100.00	100.00	100.00	100.00	100.00	0.00	0.00	100.00	100.00	100.00	100.00	100.00	0.00	100.00	100.00	100.00	100.00	100.00	100.00	100.00	100.00	100.00	100.00	100.00	100.00	100.00	100.00	100.00	100.00	100.00	100.00	100.00	100.00	100.00	100.00	100.00	100.00	100.00	100.00	100.00	100.00	100.00	100.00	100.00	100.00	100.00	100.00	100.00	100.00	100.00	100.00	100.00	100.00	100.00	100.00	100.00	100.00	100.00	100.00	100.00	100.00	100.00	100.00	100.00	100.00	100.00	100.00	100.00	100.00	100.00	100.00	100.00	100.00	100.00	100.00	100.00	100.00	100.00	100.00	100.00	100.00	100.00	100.00	100.00
p__Nitrospirota	82	95.94	83	69	97.56	98.78	95.12	97.56	96.34	100.00	98.78	97.56	96.34	98.78	98.78	100.00	98.78	96.34	96.34	100.00	95.12	100.00	100.00	98.78	90.24	97.56	43.90	97.56	96.34	98.78	93.90	97.56	92.68	92.68	93.90	100.00	86.59	100.00	95.12	97.56	42.68	100.00	100.00	97.56	97.56	98.78	98.78	96.34	93.90	93.90	98.78	95.12	90.24	98.78	98.78	100.00	98.78	98.78	97.56	98.78	98.78	98.78	97.56	96.34	100.00	98.78	98.78	98.78	96.34	98.78	98.78	93.90	97.56	100.00	93.90	91.46	100.00	100.00	92.68	93.90	97.56	97.56	100.00	97.56	96.34	100.00	96.34	96.34	97.56
p__Nitrospirota_A	4	93.24	78	75	100.00	100.00	100.00	100.00	100.00	100.00	100.00	100.00	100.00	100.00	100.00	100.00	50.00	25.00	100.00	100.00	100.00	100.00	100.00	100.00	100.00	100.00	100.00	100.00	100.00	100.00	100.00	100.00	100.00	100.00	100.00	100.00	100.00	100.00	100.00	100.00	0.00	100.00	100.00	100.00	100.00	100.00	100.00	75.00	100.00	100.00	100.00	75.00	75.00	100.00	100.00	100.00	100.00	100.00	100.00	100.00	100.00	100.00	100.00	100.00	100.00	25.00	100.00	50.00	100.00	100.00	100.00	100.00	100.00	100.00	100.00	100.00	100.00	100.00	0.00	100.00	100.00	100.00	100.00	100.00	100.00	50.00	100.00	100.00	100.00
p__OLB16	1	100.00	85	85	100.00	100.00	100.00	100.00	100.00	100.00	100.00	100.00	100.00	100.00	100.00	100.00	100.00	100.00	100.00	100.00	100.00	100.00	100.00	100.00	100.00	100.00	100.00	100.00	100.00	100.00	100.00	100.00	100.00	100.00	100.00	100.00	100.00	100.00	100.00	100.00	100.00	100.00	100.00	100.00	100.00	100.00	100.00	100.00	100.00	100.00	100.00	100.00	100.00	100.00	100.00	100.00	100.00	100.00	100.00	100.00	100.00	100.00	100.00	100.00	100.00	100.00	100.00	100.00	100.00	100.00	100.00	100.00	100.00	100.00	100.00	100.00	100.00	100.00	100.00	100.00	100.00	100.00	100.00	100.00	100.00	100.00	100.00	100.00	100.00
p__Omnitrophota	20	93.29	80	74	100.00	100.00	100.00	70.00	100.00	100.00	100.00	100.00	100.00	100.00	100.00	0.00	100.00	100.00	95.00	100.00	65.00	100.00	100.00	100.00	95.00	100.00	50.00	100.00	95.00	95.00	100.00	100.00	95.00	100.00	100.00	90.00	100.00	100.00	100.00	95.00	95.00	100.00	100.00	100.00	100.00	100.00	100.00	100.00	100.00	100.00	0.00	95.00	90.00	100.00	100.00	100.00	100.00	100.00	95.00	95.00	100.00	95.00	85.00	100.00	100.00	100.00	100.00	100.00	100.00	100.00	100.00	100.00	100.00	100.00	100.00	100.00	100.00	95.00	35.00	100.00	100.00	100.00	90.00	15.00	100.00	100.00	100.00	100.00	100.00
p__Patescibacteria	846	86.31	79	47	98.46	98.82	95.86	98.11	82.15	71.04	88.77	77.54	96.81	95.86	97.04	0.12	28.49	88.65	97.28	96.69	96.45	95.98	65.60	95.39	95.86	77.42	74.70	83.81	93.85	95.63	94.33	95.98	95.98	96.93	87.12	51.89	92.91	90.90	80.50	85.46	84.04	95.63	99.17	69.27	96.10	92.43	87.83	79.31	96.22	96.69	0.00	93.97	92.67	98.70	99.53	97.99	98.11	99.05	97.87	98.82	94.56	95.27	94.44	99.41	95.04	99.53	74.35	99.53	56.03	98.58	89.01	96.10	95.74	97.87	97.99	94.80	99.41	22.81	96.81	95.39	96.69	66.19	22.81	36.64	98.46	98.46	98.94	94.44	98.82
p__Planctomycetota	251	93.87	82	71	98.80	99.60	98.80	73.31	98.80	96.02	98.41	96.41	96.02	98.41	99.60	99.60	98.80	20.32	100.00	98.80	88.84	99.20	100.00	99.20	98.01	96.81	94.82	98.80	98.41	24.70	94.42	98.80	96.81	99.20	96.81	80.08	97.61	97.21	98.01	99.60	97.21	98.80	99.60	98.41	92.83	98.01	92.03	99.60	97.21	94.42	98.41	98.01	97.61	99.60	98.80	98.41	96.02	100.00	98.80	99.20	99.20	89.24	98.41	99.20	99.60	98.80	52.19	98.80	99.60	99.20	76.49	98.80	98.41	99.20	98.41	98.01	7.17	99.20	98.80	98.01	98.01	99.20	98.80	100.00	99.60	98.01	98.80	98.41	99.20
p__Proteobacteria	9752	98.58	85	84	99.43	98.84	97.91	99.43	99.50	99.38	98.24	99.21	96.21	98.94	98.91	99.12	99.20	97.73	99.20	99.26	99.21	99.62	99.54	99.56	99.00	97.66	99.38	98.66	99.60	98.14	98.66	98.44	98.10	99.19	99.24	98.63	96.41	99.12	97.98	99.38	99.42	99.63	99.70	98.66	97.32	96.79	97.44	99.34	93.44	97.96	98.80	99.14	96.08	98.97	98.68	99.47	98.32	98.93	97.93	99.50	98.51	98.58	99.02	99.44	98.71	98.79	98.64	98.40	98.14	98.52	98.96	97.92	98.48	99.63	96.85	97.76	98.56	98.60	99.18	97.46	99.06	99.44	98.52	99.07	98.37	96.37	98.75	99.26	98.50
p__QNDG01	2	97.65	81	81	100.00	100.00	100.00	100.00	100.00	100.00	100.00	100.00	100.00	100.00	100.00	100.00	100.00	100.00	100.00	100.00	100.00	100.00	100.00	100.00	100.00	100.00	100.00	100.00	100.00	100.00	100.00	100.00	100.00	100.00	100.00	100.00	100.00	100.00	100.00	100.00	100.00	100.00	100.00	100.00	100.00	100.00	100.00	100.00	100.00	100.00	50.00	50.00	100.00	100.00	100.00	100.00	100.00	100.00	100.00	100.00	100.00	100.00	100.00	100.00	100.00	100.00	100.00	100.00	100.00	100.00	100.00	100.00	100.00	100.00	100.00	100.00	100.00	100.00	100.00	100.00	50.00	100.00	100.00	100.00	100.00	100.00	100.00	50.00	100.00
p__RBG-13-61-14	1	98.82	84	84	100.00	100.00	100.00	100.00	100.00	100.00	100.00	100.00	100.00	100.00	100.00	100.00	100.00	100.00	100.00	100.00	100.00	100.00	100.00	100.00	100.00	100.00	100.00	100.00	100.00	100.00	100.00	100.00	100.00	100.00	100.00	100.00	100.00	100.00	100.00	100.00	100.00	100.00	100.00	100.00	100.00	100.00	100.00	100.00	100.00	100.00	100.00	100.00	100.00	100.00	100.00	100.00	100.00	100.00	100.00	100.00	100.00	100.00	100.00	100.00	100.00	100.00	100.00	100.00	100.00	100.00	0.00	100.00	100.00	100.00	100.00	100.00	100.00	100.00	100.00	100.00	100.00	100.00	100.00	100.00	100.00	100.00	100.00	100.00	100.00
p__Riflebacteria	5	96.47	83	79	100.00	100.00	100.00	100.00	100.00	100.00	80.00	100.00	60.00	100.00	100.00	100.00	100.00	100.00	100.00	100.00	100.00	100.00	100.00	100.00	100.00	100.00	100.00	80.00	100.00	100.00	100.00	100.00	100.00	100.00	100.00	100.00	100.00	100.00	100.00	100.00	100.00	100.00	100.00	100.00	0.00	100.00	100.00	100.00	100.00	100.00	100.00	100.00	100.00	100.00	100.00	100.00	100.00	100.00	100.00	100.00	100.00	100.00	100.00	100.00	100.00	100.00	100.00	100.00	100.00	100.00	100.00	100.00	100.00	100.00	100.00	100.00	100.00	100.00	0.00	100.00	100.00	100.00	80.00	100.00	100.00	100.00	100.00	100.00	100.00
p__SAR324	1	97.65	83	83	100.00	100.00	100.00	100.00	100.00	100.00	100.00	100.00	100.00	100.00	100.00	100.00	100.00	100.00	100.00	100.00	100.00	100.00	100.00	100.00	100.00	100.00	0.00	100.00	100.00	100.00	100.00	100.00	100.00	100.00	100.00	100.00	100.00	100.00	100.00	100.00	100.00	100.00	100.00	100.00	100.00	100.00	100.00	100.00	100.00	100.00	100.00	100.00	100.00	100.00	100.00	100.00	100.00	100.00	100.00	100.00	100.00	100.00	100.00	100.00	100.00	100.00	0.00	100.00	100.00	100.00	100.00	100.00	100.00	100.00	100.00	100.00	100.00	100.00	100.00	100.00	100.00	100.00	100.00	100.00	100.00	100.00	100.00	100.00	100.00
p__SZUA-182	1	95.29	81	81	100.00	100.00	100.00	100.00	100.00	100.00	0.00	100.00	100.00	100.00	100.00	100.00	100.00	100.00	100.00	100.00	100.00	100.00	100.00	0.00	100.00	100.00	0.00	100.00	100.00	100.00	100.00	100.00	100.00	100.00	100.00	100.00	100.00	100.00	100.00	100.00	100.00	0.00	100.00	100.00	100.00	100.00	100.00	100.00	100.00	100.00	100.00	100.00	100.00	100.00	100.00	100.00	100.00	100.00	100.00	100.00	100.00	100.00	100.00	100.00	100.00	100.00	100.00	100.00	100.00	100.00	100.00	100.00	100.00	100.00	100.00	100.00	100.00	100.00	100.00	100.00	100.00	100.00	100.00	100.00	100.00	100.00	100.00	100.00	100.00
p__SZUA-79	3	99.22	85	83	100.00	100.00	100.00	100.00	100.00	100.00	100.00	66.67	100.00	100.00	100.00	100.00	100.00	100.00	100.00	100.00	100.00	100.00	100.00	100.00	100.00	100.00	100.00	100.00	100.00	100.00	100.00	100.00	100.00	100.00	100.00	100.00	100.00	100.00	66.67	100.00	100.00	100.00	100.00	100.00	100.00	100.00	100.00	100.00	100.00	100.00	100.00	100.00	100.00	100.00	100.00	100.00	100.00	100.00	100.00	100.00	100.00	100.00	100.00	100.00	100.00	100.00	100.00	100.00	100.00	100.00	100.00	100.00	100.00	100.00	100.00	100.00	100.00	100.00	100.00	100.00	100.00	100.00	100.00	100.00	100.00	100.00	100.00	100.00	100.00
p__Schekmanbacteria	2	93.53	77	77	100.00	100.00	100.00	100.00	50.00	100.00	100.00	50.00	100.00	100.00	100.00	100.00	100.00	100.00	100.00	100.00	50.00	100.00	100.00	100.00	100.00	100.00	100.00	100.00	100.00	50.00	100.00	100.00	100.00	100.00	100.00	100.00	100.00	50.00	0.00	100.00	100.00	100.00	100.00	0.00	100.00	100.00	100.00	100.00	100.00	100.00	100.00	100.00	100.00	100.00	100.00	100.00	100.00	100.00	100.00	100.00	100.00	100.00	100.00	100.00	100.00	100.00	100.00	100.00	100.00	100.00	100.00	100.00	100.00	100.00	100.00	100.00	100.00	100.00	100.00	100.00	0.00	100.00	100.00	100.00	100.00	100.00	100.00	100.00	100.00
p__SpSt-956	1	91.76	78	78	100.00	100.00	100.00	100.00	100.00	100.00	100.00	100.00	0.00	100.00	100.00	100.00	100.00	0.00	100.00	100.00	100.00	100.00	100.00	100.00	100.00	100.00	100.00	100.00	100.00	100.00	100.00	100.00	100.00	100.00	100.00	100.00	100.00	100.00	0.00	100.00	0.00	100.00	100.00	100.00	100.00	100.00	100.00	100.00	100.00	100.00	100.00	100.00	100.00	100.00	100.00	100.00	100.00	100.00	100.00	100.00	100.00	0.00	100.00	100.00	100.00	100.00	100.00	100.00	100.00	100.00	0.00	100.00	100.00	100.00	100.00	100.00	0.00	100.00	100.00	100.00	100.00	100.00	100.00	100.00	100.00	100.00	100.00	100.00	100.00
p__Spirochaetota	220	94.63	81	75	99.55	99.09	99.55	97.27	99.55	100.00	96.36	100.00	98.64	99.55	99.09	63.18	100.00	100.00	98.64	98.18	97.73	100.00	99.55	99.55	100.00	99.09	9.55	90.91	99.55	98.18	99.55	99.55	98.64	100.00	97.27	99.09	95.00	99.55	99.09	98.64	49.09	100.00	100.00	99.09	91.82	99.55	99.55	95.91	99.09	99.09	62.73	98.18	80.00	99.09	99.55	99.55	95.45	99.09	99.55	100.00	98.64	97.27	97.73	100.00	98.64	99.55	97.73	99.09	99.55	99.55	99.09	99.55	97.27	99.55	99.09	98.18	99.55	44.09	99.55	99.09	98.18	99.55	41.36	99.55	99.55	99.55	99.55	89.09	99.09
p__Sumerlaeota	3	97.65	84	81	100.00	100.00	100.00	100.00	100.00	100.00	100.00	100.00	100.00	100.00	100.00	100.00	100.00	100.00	100.00	100.00	100.00	100.00	100.00	100.00	100.00	100.00	100.00	100.00	100.00	0.00	100.00	100.00	100.00	100.00	100.00	100.00	100.00	100.00	100.00	100.00	100.00	100.00	100.00	100.00	100.00	100.00	100.00	100.00	100.00	66.67	100.00	100.00	66.67	100.00	100.00	100.00	100.00	100.00	100.00	100.00	100.00	100.00	100.00	100.00	100.00	100.00	100.00	100.00	100.00	100.00	66.67	100.00	100.00	100.00	100.00	100.00	100.00	100.00	100.00	100.00	100.00	100.00	100.00	100.00	100.00	100.00	100.00	100.00	100.00
p__Synergistota	29	98.95	85	81	100.00	100.00	100.00	100.00	100.00	100.00	96.55	100.00	100.00	100.00	100.00	96.55	100.00	100.00	100.00	100.00	93.10	100.00	100.00	100.00	100.00	100.00	100.00	89.66	100.00	100.00	100.00	96.55	100.00	100.00	96.55	100.00	100.00	96.55	96.55	96.55	100.00	100.00	100.00	100.00	100.00	100.00	100.00	100.00	100.00	100.00	96.55	100.00	96.55	100.00	100.00	96.55	100.00	100.00	100.00	100.00	100.00	100.00	100.00	100.00	100.00	100.00	100.00	100.00	100.00	100.00	100.00	100.00	100.00	100.00	100.00	100.00	100.00	100.00	82.76	96.55	100.00	93.10	100.00	100.00	96.55	100.00	96.55	100.00	96.55
p__TA06	1	95.29	81	81	100.00	100.00	100.00	100.00	100.00	100.00	100.00	100.00	100.00	100.00	100.00	100.00	100.00	100.00	100.00	100.00	100.00	100.00	100.00	100.00	100.00	100.00	100.00	100.00	100.00	0.00	100.00	100.00	100.00	100.00	100.00	100.00	100.00	100.00	100.00	100.00	0.00	100.00	100.00	100.00	100.00	100.00	100.00	100.00	100.00	100.00	100.00	100.00	0.00	100.00	100.00	100.00	100.00	100.00	100.00	100.00	100.00	100.00	100.00	100.00	100.00	100.00	100.00	100.00	100.00	100.00	0.00	100.00	100.00	100.00	100.00	100.00	100.00	100.00	100.00	100.00	100.00	100.00	100.00	100.00	100.00	100.00	100.00	100.00	100.00
p__Thermodesulfobiota	2	98.82	84	84	100.00	100.00	100.00	100.00	100.00	100.00	100.00	100.00	100.00	100.00	100.00	100.00	100.00	100.00	100.00	100.00	100.00	100.00	100.00	100.00	100.00	100.00	100.00	100.00	100.00	100.00	100.00	100.00	100.00	100.00	100.00	100.00	100.00	100.00	100.00	100.00	100.00	100.00	100.00	0.00	100.00	100.00	100.00	100.00	100.00	100.00	100.00	100.00	100.00	100.00	100.00	100.00	100.00	100.00	100.00	100.00	100.00	100.00	100.00	100.00	100.00	100.00	100.00	100.00	100.00	100.00	100.00	100.00	100.00	100.00	100.00	100.00	100.00	100.00	100.00	100.00	100.00	100.00	100.00	100.00	100.00	100.00	100.00	100.00	100.00
p__Thermosulfidibacterota	1	100.00	85	85	100.00	100.00	100.00	100.00	100.00	100.00	100.00	100.00	100.00	100.00	100.00	100.00	100.00	100.00	100.00	100.00	100.00	100.00	100.00	100.00	100.00	100.00	100.00	100.00	100.00	100.00	100.00	100.00	100.00	100.00	100.00	100.00	100.00	100.00	100.00	100.00	100.00	100.00	100.00	100.00	100.00	100.00	100.00	100.00	100.00	100.00	100.00	100.00	100.00	100.00	100.00	100.00	100.00	100.00	100.00	100.00	100.00	100.00	100.00	100.00	100.00	100.00	100.00	100.00	100.00	100.00	100.00	100.00	100.00	100.00	100.00	100.00	100.00	100.00	100.00	100.00	100.00	100.00	100.00	100.00	100.00	100.00	100.00	100.00	100.00
p__Thermotogota	49	97.86	84	81	100.00	100.00	100.00	100.00	97.96	100.00	100.00	100.00	97.96	100.00	100.00	100.00	100.00	100.00	100.00	100.00	93.88	100.00	100.00	100.00	100.00	100.00	63.27	100.00	97.96	100.00	97.96	97.96	100.00	97.96	100.00	100.00	100.00	100.00	100.00	100.00	100.00	97.96	100.00	97.96	0.00	100.00	100.00	95.92	100.00	85.71	100.00	100.00	100.00	100.00	100.00	100.00	100.00	100.00	100.00	100.00	100.00	97.96	100.00	100.00	100.00	100.00	100.00	100.00	100.00	100.00	100.00	100.00	100.00	100.00	100.00	100.00	100.00	100.00	100.00	97.96	100.00	100.00	100.00	100.00	100.00	100.00	100.00	100.00	100.00
p__UBA10199	8	96.76	83	70	100.00	100.00	100.00	100.00	100.00	87.50	87.50	100.00	100.00	100.00	100.00	50.00	87.50	100.00	100.00	100.00	87.50	100.00	100.00	100.00	100.00	100.00	100.00	87.50	100.00	100.00	100.00	100.00	100.00	100.00	100.00	100.00	100.00	75.00	100.00	100.00	100.00	100.00	100.00	100.00	100.00	100.00	100.00	100.00	87.50	87.50	50.00	87.50	87.50	100.00	100.00	100.00	100.00	100.00	100.00	100.00	100.00	100.00	100.00	100.00	100.00	100.00	87.50	100.00	100.00	100.00	100.00	87.50	100.00	100.00	100.00	100.00	100.00	100.00	100.00	100.00	100.00	100.00	87.50	100.00	100.00	100.00	100.00	100.00	100.00
p__UBA6262	1	89.41	76	76	100.00	100.00	100.00	0.00	100.00	100.00	100.00	100.00	100.00	100.00	100.00	0.00	100.00	100.00	100.00	100.00	0.00	100.00	100.00	100.00	100.00	100.00	100.00	100.00	100.00	0.00	0.00	100.00	100.00	100.00	100.00	0.00	100.00	100.00	100.00	100.00	100.00	100.00	100.00	100.00	100.00	100.00	100.00	100.00	100.00	100.00	0.00	0.00	100.00	100.00	100.00	100.00	100.00	100.00	100.00	100.00	100.00	100.00	100.00	100.00	100.00	100.00	0.00	100.00	100.00	100.00	100.00	100.00	100.00	100.00	100.00	100.00	100.00	100.00	100.00	100.00	100.00	100.00	100.00	100.00	100.00	100.00	100.00	100.00	100.00
p__UBA9089	1	90.59	77	77	100.00	100.00	100.00	100.00	100.00	100.00	100.00	100.00	100.00	100.00	100.00	0.00	100.00	100.00	100.00	100.00	0.00	100.00	100.00	100.00	100.00	100.00	100.00	100.00	100.00	0.00	100.00	0.00	100.00	100.00	100.00	100.00	0.00	100.00	100.00	100.00	100.00	100.00	100.00	100.00	100.00	100.00	100.00	100.00	100.00	100.00	0.00	100.00	100.00	100.00	100.00	100.00	100.00	100.00	100.00	100.00	100.00	0.00	100.00	100.00	100.00	100.00	100.00	100.00	100.00	100.00	100.00	100.00	100.00	100.00	100.00	100.00	100.00	100.00	100.00	100.00	100.00	0.00	100.00	100.00	100.00	100.00	100.00	100.00	100.00
p__UBP13	1	100.00	85	85	100.00	100.00	100.00	100.00	100.00	100.00	100.00	100.00	100.00	100.00	100.00	100.00	100.00	100.00	100.00	100.00	100.00	100.00	100.00	100.00	100.00	100.00	100.00	100.00	100.00	100.00	100.00	100.00	100.00	100.00	100.00	100.00	100.00	100.00	100.00	100.00	100.00	100.00	100.00	100.00	100.00	100.00	100.00	100.00	100.00	100.00	100.00	100.00	100.00	100.00	100.00	100.00	100.00	100.00	100.00	100.00	100.00	100.00	100.00	100.00	100.00	100.00	100.00	100.00	100.00	100.00	100.00	100.00	100.00	100.00	100.00	100.00	100.00	100.00	100.00	100.00	100.00	100.00	100.00	100.00	100.00	100.00	100.00	100.00	100.00
p__UBP14	1	97.65	83	83	100.00	100.00	100.00	100.00	100.00	100.00	100.00	100.00	100.00	100.00	100.00	100.00	100.00	100.00	100.00	100.00	100.00	100.00	100.00	100.00	100.00	100.00	100.00	100.00	100.00	100.00	100.00	100.00	100.00	100.00	100.00	100.00	100.00	100.00	100.00	100.00	100.00	100.00	100.00	100.00	100.00	0.00	100.00	0.00	100.00	100.00	100.00	100.00	100.00	100.00	100.00	100.00	100.00	100.00	100.00	100.00	100.00	100.00	100.00	100.00	100.00	100.00	100.00	100.00	100.00	100.00	100.00	100.00	100.00	100.00	100.00	100.00	100.00	100.00	100.00	100.00	100.00	100.00	100.00	100.00	100.00	100.00	100.00	100.00	100.00
p__UBP4	1	96.47	82	82	100.00	100.00	100.00	100.00	100.00	100.00	100.00	100.00	100.00	100.00	100.00	100.00	100.00	0.00	100.00	100.00	100.00	100.00	100.00	100.00	100.00	100.00	100.00	100.00	100.00	0.00	100.00	100.00	100.00	100.00	100.00	100.00	100.00	100.00	100.00	100.00	100.00	100.00	100.00	100.00	100.00	100.00	100.00	100.00	0.00	100.00	100.00	100.00	100.00	100.00	100.00	100.00	100.00	100.00	100.00	100.00	100.00	100.00	100.00	100.00	100.00	100.00	100.00	100.00	100.00	100.00	100.00	100.00	100.00	100.00	100.00	100.00	100.00	100.00	100.00	100.00	100.00	100.00	100.00	100.00	100.00	100.00	100.00	100.00	100.00
p__UBP6	1	100.00	85	85	100.00	100.00	100.00	100.00	100.00	100.00	100.00	100.00	100.00	100.00	100.00	100.00	100.00	100.00	100.00	100.00	100.00	100.00	100.00	100.00	100.00	100.00	100.00	100.00	100.00	100.00	100.00	100.00	100.00	100.00	100.00	100.00	100.00	100.00	100.00	100.00	100.00	100.00	100.00	100.00	100.00	100.00	100.00	100.00	100.00	100.00	100.00	100.00	100.00	100.00	100.00	100.00	100.00	100.00	100.00	100.00	100.00	100.00	100.00	100.00	100.00	100.00	100.00	100.00	100.00	100.00	100.00	100.00	100.00	100.00	100.00	100.00	100.00	100.00	100.00	100.00	100.00	100.00	100.00	100.00	100.00	100.00	100.00	100.00	100.00
p__Verrucomicrobiota	294	95.64	84	72	96.60	96.60	95.24	61.56	97.96	98.30	97.96	96.94	98.64	97.62	99.66	96.26	98.30	97.96	98.64	98.98	96.26	98.98	98.64	99.32	94.56	96.26	91.50	97.28	98.64	96.60	97.28	97.28	97.96	99.32	98.30	99.32	96.60	98.98	96.94	98.64	98.98	99.32	99.32	32.65	98.64	97.28	97.62	98.64	98.30	95.58	94.56	91.84	87.07	97.28	95.58	98.64	96.94	95.24	95.58	98.30	94.90	93.88	95.58	97.28	95.58	94.22	78.91	95.24	96.26	97.28	96.26	96.94	99.32	98.98	97.62	94.90	97.28	98.98	95.24	92.18	97.28	98.98	97.62	99.66	96.60	98.30	96.60	97.96	96.26
p__WOR-3	17	94.05	82	51	100.00	100.00	100.00	94.12	100.00	100.00	76.47	88.24	100.00	100.00	100.00	70.59	94.12	94.12	100.00	100.00	47.06	100.00	100.00	100.00	100.00	100.00	94.12	100.00	100.00	82.35	100.00	94.12	100.00	100.00	100.00	100.00	100.00	94.12	70.59	100.00	94.12	100.00	94.12	100.00	94.12	94.12	100.00	88.24	94.12	76.47	70.59	94.12	88.24	100.00	100.00	100.00	100.00	100.00	100.00	100.00	100.00	94.12	100.00	100.00	100.00	100.00	88.24	100.00	100.00	100.00	47.06	100.00	100.00	100.00	94.12	94.12	94.12	100.00	23.53	94.12	94.12	100.00	100.00	94.12	94.12	100.00	94.12	100.00	100.00
p__Wallbacteria	2	94.12	77	77	100.00	100.00	100.00	100.00	50.00	100.00	100.00	50.00	100.00	100.00	100.00	50.00	100.00	100.00	100.00	100.00	100.00	100.00	100.00	100.00	100.00	100.00	100.00	100.00	100.00	100.00	100.00	100.00	100.00	100.00	100.00	100.00	100.00	100.00	100.00	100.00	100.00	100.00	100.00	0.00	100.00	100.00	100.00	100.00	100.00	100.00	100.00	100.00	100.00	100.00	100.00	100.00	100.00	100.00	50.00	100.00	100.00	100.00	100.00	100.00	100.00	100.00	100.00	100.00	100.00	100.00	100.00	100.00	100.00	100.00	0.00	50.00	100.00	100.00	100.00	50.00	100.00	100.00	100.00	100.00	100.00	100.00	100.00	100.00	100.00
p__Zixibacteria	8	97.50	85	70	100.00	100.00	100.00	100.00	100.00	87.50	100.00	100.00	87.50	100.00	100.00	100.00	100.00	62.50	100.00	100.00	87.50	100.00	100.00	100.00	100.00	100.00	100.00	100.00	100.00	87.50	100.00	100.00	100.00	100.00	100.00	100.00	100.00	87.50	100.00	100.00	87.50	100.00	100.00	100.00	100.00	100.00	100.00	100.00	100.00	87.50	100.00	100.00	87.50	100.00	100.00	100.00	100.00	100.00	100.00	87.50	100.00	100.00	100.00	100.00	100.00	100.00	100.00	100.00	87.50	100.00	87.50	87.50	100.00	100.00	100.00	100.00	87.50	100.00	100.00	100.00	87.50	100.00	100.00	100.00	100.00	100.00	100.00	100.00	100.00
